"","(Intercept)","wqs","male1","LBXWBCSI","LBXLYPCT","LBXMOPCT","LBXEOPCT","LBXBAPCT","LBXNEPCT","age_cent","age_sq","race_cat2","race_cat3","race_cat4","bmi_cat32","bmi_cat33","ln_lbxcot","edu_cat2","edu_cat3","edu_cat4","wqs:male1"
"1",7.62414068748864,0.0148380826819542,0.0407020678582961,-0.00364738395979054,-0.0760142900521061,-0.0765396312190647,-0.0737352567552625,-0.0461941040972874,-0.0758991161315307,-0.00641701008496405,0.00000820838269605451,-0.0618815719512979,-0.00589609561864662,-0.0609806627014774,-0.00137804946763573,0.0131472285652279,-0.000495934124339913,0.0235825646250011,0.0425562849637285,0.0144363410367033,-0.0185395920401374
"2",2.06958614423714,0.0232787893673105,0.00443690771981266,-0.0034713483212619,-0.0209514208643161,-0.0234928717221129,-0.0192942813855895,-0.0162944079158907,-0.0202603038431663,-0.00743837155757616,-0.000000459816342791933,-0.00744829156436472,0.00130045895739419,-0.0170758635078304,0.00955853573263127,-0.00181308768820386,0.00300526014312364,0.0116984194837225,0.0272020090246427,0.00253113131272678,-0.0123588753340097
"3",-0.77247990551591,0.0236550152343068,0.0488075759630777,-0.00561590852951825,0.007947775193716,-0.000385006474765952,0.0100826562113441,0.00866274136624279,0.00947748777561034,-0.00639370992919181,-0.0000161119556346239,-0.0569964844892277,-0.021038720728322,-0.0733221663816951,-0.00846251779857633,-0.0257598291241527,0.00343421268671912,0.0366531891443975,0.0425641625047379,0.0125889496026828,-0.0173127284345142
"4",2.29302195732991,0.020861544925652,0.0921392619528984,-0.00141661485890704,-0.0222524444855078,-0.027322741409116,-0.0249116598202663,-0.00342657068574846,-0.022657550246429,-0.00578715639299962,-0.0000214961181254826,-0.0370818888510871,-0.0105460298203375,-0.0291738955484196,0.00346709635264743,-0.0128095046266639,0.00107121949842792,0.0259877898698049,0.0341940777552995,0.0156443916272947,-0.0280377405228732
"5",-6.10585016670405,0.0234945898410333,0.0188869196016794,-0.00597073530722983,0.0606816667674061,0.0550330830759524,0.0585435702310114,0.083798602385919,0.061918427277813,-0.00751630004814386,-0.0000185559990508737,0.006565514440699,0.017088805351446,-0.00462117687468376,0.00630600574404456,0.011993286507688,0.00236329392648534,0.0227076689957757,0.0449897346537598,0.0209479626133158,-0.0127578870041195
"6",-13.5068526937954,0.0175155270923207,0.00729798396198502,-0.00682623194506731,0.136073207873855,0.130785678559646,0.135750685103489,0.149496584383647,0.135869826348209,-0.00678866899912128,-0.000012983744724178,-0.0271853805589392,-0.0102046730958552,-0.0308538785852287,0.0177334972769068,0.00440272891016244,0.00450463636044865,0.0261281892741897,0.0250160463862086,0.0215776959768391,-0.00924339721640768
"7",10.3696170491896,0.0165931406999219,0.00656467093680221,-0.00767468301108944,-0.102476055394191,-0.110407038738908,-0.099036783563826,-0.106348236134532,-0.101692559683422,-0.00679084221929013,-0.0000125454732879917,-0.0678442453616063,-0.0160205733057733,-0.0515142183461068,0.0101122517584474,0.00410167733912259,0.00162279163904053,0.0108901452505041,0.0224470090626893,-0.00928005369310046,-0.0108258441311474
"8",7.69095077874195,0.0206327581455525,0.0475815283064826,-0.00472143161749937,-0.0768886572271777,-0.0814395258666676,-0.0783626774360244,-0.056982865310876,-0.0759683607489179,-0.00675213831893275,-0.0000211786676984482,-0.00726393582358571,0.0347938284753624,-0.0182157227072608,-0.0345822675039515,-0.0338126123537967,0.0022963446871708,0.0230479947174322,0.0463986353998912,0.0377897862100306,-0.0151909069241677
"9",3.9360928532731,0.0189097798890245,0.00667748189515975,-0.00380177687123987,-0.0393751506833946,-0.0440051697967997,-0.0364644861394228,-0.022059245178334,-0.0382713249512072,-0.00743019512184565,0.000000938773927115587,-0.0223318404631178,0.00604477233578541,-0.0106118788782551,-0.0284327537339477,-0.0328802447634975,0.00295851648026641,0.0105687035202033,0.0283352154458455,-0.00469992129741738,-0.010148847600284
"10",3.44322670101005,0.0134949118491152,0.0380670684659654,-0.00596871907630378,-0.0339213957935142,-0.0393447223285317,-0.0379190960650016,-0.0113429916474333,-0.0333179267276929,-0.00590815580730424,-0.0000369239941442783,-0.0110940592646683,0.0201212944804799,-0.0125307360986898,0.0111734447462759,-0.00150608201410611,-0.000193889851432868,0.0119636187068344,0.0444306397457088,0.0105622023281477,-0.0143634195601075
"11",1.63978113493508,0.0198799499116509,0.0425565923378205,-0.00444730795729405,-0.0153519217063165,-0.0221516856821008,-0.0144508440455648,-0.00140382446494542,-0.0156463042660274,-0.00707527539587487,0.00000615343638586316,-0.0544445424096812,-0.0278613736507187,-0.0729157225139631,0.0160101443043878,-0.00879292411643881,0.00171702457610292,0.0229677558771292,0.0350569665696532,0.0459533977009918,-0.0171573602377184
"12",2.19497079093047,0.0149202608707969,0.00197636760800817,-0.00587492060503743,-0.0206749114053149,-0.028862265117268,-0.0242555129133173,-0.00450550427344131,-0.020200817738894,-0.00665144608384121,-0.0000044622227544778,-0.067648558404235,0.00871103063621772,-0.0460186020640154,0.00929669957831466,-0.00708155720534942,0.00371020883810951,0.0035688260033442,0.015973977810173,0.011707649217754,-0.00721343446753618
"13",-7.29186150171534,0.0175103766309756,0.0182572399386428,-0.00444232384895685,0.0738860904593897,0.068269737895884,0.0694803746905321,0.0787825155323859,0.0743344312744784,-0.00628004672763321,-0.00000859619220255385,-0.0361663074771085,-0.0180490187866341,-0.0523055462449855,-0.0220070543566162,-0.0279728471900384,0.0014470178353945,0.0178998013232457,0.0115767924070213,0.0361251700905842,-0.0126597299467325
"14",0.0891481451951981,0.0189162575867117,0.0417520200084295,-0.00559432349067906,-0.00191389533521046,-0.0020790020990878,-0.000717835394630957,-0.000877346491615049,0.000304794989724399,-0.00671514295658134,-0.0000265756734576904,0.0064635832376572,0.0431678728386709,0.0118534027021559,-0.0030134187568459,-0.0131466106599356,-0.0000344976141835257,0.0206394157084793,0.0237503616295403,0.00150239971923135,-0.0167061429141694
"15",6.4249603906697,0.0136012681544319,-0.00781513021757693,-0.00621887938029374,-0.0643163239048204,-0.0702604326461211,-0.061159659853669,-0.0267671118297637,-0.0626407487860429,-0.00666644955818559,-0.00000458197888641028,-0.0301931873555201,0.0210754235892763,-0.0287942143689091,-0.0102271053738809,-0.0179232208642364,0.000131262428904834,0.0131298854936955,0.0221747789817013,0.0395428639735216,-0.00693717694284199
"16",3.23439286778492,0.0183687868371284,0.0254596807028307,-0.00552772267179245,-0.0320196862954572,-0.0350570151595642,-0.0343388786633527,0.0127700183582263,-0.0316240589409879,-0.00715718982041441,0.00000243637084935226,-0.0250915692612359,-0.0163462218924325,-0.0404492262430492,-0.00970239044012241,-0.0127530602608512,0.00445384131377627,0.0154187288864965,0.0512702065115604,0.00625212172053386,-0.012250606082385
"17",1.84671405266116,0.0198752438041548,0.0342548415537349,-0.00988258265974515,-0.0184640312492973,-0.0208418824013355,-0.0169919307104458,-0.0152633360946133,-0.0166772995303583,-0.00671862198346737,-0.0000281680375424375,-0.0409412479963885,-0.00439998797662965,-0.0554011820942488,-0.0253827542342298,-0.0163032608264081,0.00309928332368446,0.028014380198242,0.0525790124312639,0.0389323117321776,-0.0143001033794723
"18",3.13417594256431,0.0180672951705276,0.0197548073993145,-0.00891857176690686,-0.0307371559613922,-0.0359427488568947,-0.0279621661902714,-0.0161573516499853,-0.0299707193044745,-0.00666239402441034,-0.000000585165756731544,-0.0380939138326281,0.0170294052139451,-0.0535966478382432,0.00994151794822885,-0.0204995599402285,0.00433920381564359,0.0139342017970414,0.0285923195005688,0.0320170899356837,-0.0134428013577971
"19",-4.18178917716588,0.0193531021544905,0.00509544160474598,-0.00907232033144652,0.0421094698108785,0.0351646769904392,0.0448112231356474,0.0578339999663241,0.0439509272879205,-0.00689545017175114,-0.000023103843450375,-0.0469112829207262,-0.0175209122822843,-0.0490787578354781,0.0119961412916844,-0.0190149988636813,0.00443730009524348,0.0206852290217823,0.0232425398343413,0.0101694344509937,-0.00714768310954937
"20",8.10629616831489,0.0137720145753006,-0.00882726142143167,-0.00708759787204826,-0.0805004557635137,-0.0832336965287772,-0.0805730636999733,-0.0573007877283705,-0.0796523378207103,-0.00692300231716022,-0.00000999550791750437,-0.0243207448361173,0.00339155753838109,-0.0372498811317445,0.00406994312700428,-0.00910439789408061,0.00349883500730609,0.0235346661401274,0.0174669842405322,0.0105450026422145,-0.00895457063612141
"21",2.51513586049946,0.0146110257907359,-0.00372524987611088,-0.00289140084149867,-0.0249317998544424,-0.0258017756964897,-0.0231466757463277,0.000098772238637038,-0.0242508875836436,-0.00654843279020917,-0.0000203546050646654,-0.044278289601744,-0.00384906822188193,-0.0442582889084629,-0.00908283396628708,-0.0181613462233098,-0.000760967809406157,-0.0154027877383245,0.0294189528395224,-0.0108643089328831,-0.00588636834079551
"22",13.6326666866765,0.0215026854882361,-0.00951933471647966,-0.00277862229890438,-0.135679328354138,-0.141524034954966,-0.131505316082885,-0.127882207619933,-0.135301751571535,-0.00724949585685993,-0.0000264610678860232,-0.0293215269708273,-0.036576777383072,-0.0530248747158483,-0.0127305346745776,-0.0225801337912285,0.00361683294798615,0.00186445395768662,0.0336856714071078,0.0180130150798549,-0.00599727803010807
"23",7.86892893649584,0.0291793650931142,0.0428322582297573,-0.00105655224335452,-0.0793384104840435,-0.0861467199042556,-0.0761309397514182,-0.078285653898302,-0.0784997715786532,-0.00807895268689615,0.0000217558552593154,-0.01530495549452,0.0558129369985299,-0.00939282843675801,0.00318111217749394,-0.0111456322426932,-0.00121353304450042,0.0348475951933798,0.0313938680765279,0.0131561738022239,-0.0188528368493849
"24",7.80072653610215,0.0207870182463385,0.00853265714918195,-0.00248770977495996,-0.0773786506626199,-0.0816034894625929,-0.0758388446158357,-0.0626788974872599,-0.0775900029802445,-0.00696358580290466,-0.0000161159424428858,-0.0181410779059175,-0.0017498784449719,-0.003754554497533,-0.0282298421323341,-0.0253918683361909,0.00124255620561453,0.021367681608251,0.0189191320354078,0.00731671680971769,-0.0123174404051483
"25",3.45975547322218,0.0156350753954373,0.0204372195477995,-0.00736498348227356,-0.0336635858874922,-0.0402143234768587,-0.0346510557621151,-0.0278713933562707,-0.0328536220523202,-0.00669932600139605,-0.00000383710115804369,-0.0380978757028306,-0.0109285767975454,-0.060519044552006,-0.000376484964346369,-0.0359507998061971,0.00124420745145449,0.0420422842127387,0.0472977212398078,0.0304146122350257,-0.00917198795963281
"26",10.0814269030888,0.021845919073952,0.0453716544048957,-0.00294847273391629,-0.100515731582393,-0.108565588072421,-0.0969088137611914,-0.079777883194298,-0.0998305802974587,-0.00709022974474667,0.00000534935041656391,-0.0314541257926328,0.0029428749321667,-0.0345115290191046,-0.0103390946236573,-0.0117672039052033,0.00370594185023579,0.00374418817251859,0.036558178586111,0.0153570234694081,-0.0161541933000162
"27",4.75339666416118,0.0225027601711564,0.0561992641786839,-0.00764382673718536,-0.0473485002074374,-0.0490547592837393,-0.0452969873916144,-0.0271014502452127,-0.046715248965634,-0.00727599096729248,0.0000118899098688522,-0.0186882050577317,0.00690931175500843,-0.0317271267240422,-0.00247092843008254,-0.0108075267204343,0.00423805978323353,0.00420154763231069,0.0275774809187142,0.0404840823556175,-0.022392646557232
"28",14.2957960767409,0.0107658667178973,-0.0125507590265784,-0.00517313135123365,-0.142136676834378,-0.142659784370723,-0.143721970474306,-0.119534608851847,-0.142181795636273,-0.00643492687319694,-0.00000427167898228497,-0.048092494217334,0.00637909833924331,-0.0552306367034809,0.00761776420971119,-0.0151666652898811,0.00207095157119331,0.0191027990978004,0.0361181163215809,0.0167350428795198,-0.00579823891164473
"29",6.6154378160094,0.0123272577469124,0.0180257400196962,-0.0061122584193038,-0.0653323091999847,-0.073648521633768,-0.0665804237592404,-0.0416829666213008,-0.0646986920955181,-0.00608522155935923,-0.0000163136145345504,-0.0172525298035594,0.0348354149216204,-0.0178202407302547,0.00316701205845521,0.0054374315342524,0.00176249223745973,0.0262150364465259,0.035230360860924,0.034285183694245,-0.0131017968212429
"30",18.6146601480882,0.0180950577883659,0.0863845106848962,-0.00274103995923775,-0.186038718453302,-0.187143741476039,-0.185675245225382,-0.166331715219557,-0.185777082797692,-0.0063250912199029,-0.00000182456553423388,-0.0277374031382802,0.00544438614702329,-0.0285057525813961,-0.0128633847358483,-0.0164954315404404,0.00183196988814778,0.0157770616054876,0.0360077281249717,-0.0155302387370649,-0.02354607929883
"31",8.03840416656814,0.0187687381868409,-0.00402022731647231,-0.0100902489966372,-0.0803175524261396,-0.0834044864179045,-0.077696937417636,-0.0528845049021487,-0.0788202364044721,-0.00715579981677003,-0.00000970276736942303,-0.0369670502582521,0.0057974243584151,-0.0394644409097093,0.00938828429644116,0.0081984789836866,0.0018067415806807,-0.00530869201993867,0.0405214122286392,0.00544707406559157,-0.0107277242216292
"32",10.8546424087951,0.0186072094996308,0.000105476407598802,-0.001559926372766,-0.108813520469444,-0.113984495723784,-0.107260301905409,-0.0886521779321585,-0.108209912551255,-0.00729964698611406,-0.00000249302151429012,0.0119293525332698,0.0349948903420477,0.00966374225459415,-0.0109514582658727,-0.0001888449832167,0.00126183483358679,0.0379321296382672,0.042810285112548,0.0093762521973586,-0.00730208166390209
"33",6.27939262438825,0.0184857349015081,0.060039691719501,-0.00171923996692919,-0.0621509163273462,-0.0698518341604145,-0.0625533065766319,-0.0466962829880059,-0.0617338187484826,-0.00570048163003049,-0.0000215149505074219,-0.0581048985090351,-0.000302001047518558,-0.0564098737117421,-0.00254021365533177,-0.00726453296759814,0.00403481265610238,0.0318487790905953,0.0287269625034062,0.0169933373456945,-0.0211262162718202
"34",-4.05730075054856,0.0172087804652753,0.0154794120497599,-0.00553256845555039,0.0405572839971008,0.0410590954972396,0.0383673071551568,0.0576064263079811,0.0417809923365416,-0.0063312202073327,-0.0000100329781425942,-0.033606165023168,-0.0248850938109468,-0.0459203518153688,-0.0185683048258618,-0.0259050140815921,0.00385836262338745,0.00969642008854286,0.0351328674039579,0.0427060553798874,-0.012457901037345
"35",3.94259659479428,0.0139690525959935,0.00770023693033305,-0.0061601427805459,-0.038724562191414,-0.0429639012654606,-0.0387479495183981,-0.0286852597173677,-0.0380742285662369,-0.00736323215936174,0.0000260961940474888,-0.0491150140669164,0.000438915153917827,-0.055422897119511,0.00993712943728867,-0.029091806969528,0.00339868970874399,0.0304708729548995,0.0289221994785287,0.00935688949944461,-0.0052590098115188
"36",0.400330307463467,0.016684994345238,-0.030402605121415,-0.0138390189172767,-0.00434733588381963,-0.00539998809189588,0.00224171201363473,0.0222335989918577,-0.00179011585825818,-0.00704975599547105,-0.0000251819430630387,-0.0280575356535859,0.0251345351938055,-0.0353263581059816,0.0107575884399192,-0.00281742193637954,0.00317671234040923,-0.00485953914230399,0.0109329864432574,-0.0132417649281504,-0.00417004761355984
"37",-0.745267421591489,0.0198942165741235,0.0193504775918251,-0.00693327983221951,0.00782615227128791,0.000709664886812763,0.00524713298525375,0.0160921569783072,0.00844091099707405,-0.00683298180831773,-0.0000106705709402859,-0.0118247347534533,0.0152206910239759,-0.0361874400075723,0.0111477615653773,-0.0113285404800259,0.00331865840206374,0.0593903727748428,0.043253128598826,0.0695713041449413,-0.0101601620671301
"38",13.1129732225995,0.0211612693591303,0.015549952854414,-0.00717277044655825,-0.130538716413629,-0.134765795462702,-0.123210240394276,-0.129416634904714,-0.129805635801548,-0.00621171205845268,-0.0000399594298391314,-0.0271440247708666,-0.0146709525723484,-0.0314388885275952,-0.003218640122482,-0.0108836328106337,0.00243549188843465,-0.00195800232625205,0.0143467252672846,-0.0100262686695038,-0.0134166484302705
"39",-1.34452627399031,0.0188787659033613,0.0160127554268702,-0.000520273169342631,0.0142085600067993,0.0112255507944389,0.0124396422166566,0.0318491548277682,0.01362309500227,-0.00621214386456074,-0.0000225348644012299,-0.0226863411465964,-0.0129120482180147,-0.0609952913358442,-0.0141468771176112,-0.0363067487818823,-0.00210272102311046,0.0178581972214825,0.0388665939486331,-0.00319487978824931,-0.0081651106235253
"40",-5.02138493561572,0.0179571791530328,0.0231445561707729,-0.00212324803283018,0.0508365210654793,0.042444364540421,0.0489743385762022,0.070199699993564,0.0511803961635419,-0.00642132295858617,-0.0000250687462770981,-0.0346747172658188,-0.00772488220397734,-0.0361780596163627,0.00299542965718226,-0.0180338614148373,0.00105251870667278,0.0496202239904041,0.0470667812901485,0.0133355044533908,-0.0105150800178765
"41",9.33607367955368,0.017053052104767,0.0527399704238861,-0.00264491973403944,-0.0934051480681641,-0.0985691779222179,-0.0920558644647986,-0.0689796256477892,-0.0918314606381347,-0.00658533469494568,-0.00000616685310920015,-0.0695723353104153,-0.0173364745966271,-0.0590780829213315,-0.00734508358875059,-0.0436622197095169,0.000331740946076047,0.0294701431821288,0.0496332933142679,0.0329321930163196,-0.0186214980108767
"42",11.8367923163264,0.0175738874420052,0.0197786298158437,-0.00312378456773924,-0.117864568580729,-0.121158543116161,-0.120099122454734,-0.0958535155192407,-0.117729510000386,-0.00694611023087721,0.0000134761379682207,-0.0192872691513182,-0.00193874010937954,-0.0468793275573787,0.00408028678831123,-0.0153255332247385,-0.00110822466272775,0.0190918351928178,0.0531108691124252,0.01050142423996,-0.0147763200071043
"43",-3.01922014670484,0.0209349825689969,0.0532609166517183,-0.00106331395192034,0.0291457179838566,0.0309313375889283,0.0327002720707681,0.0467771131119407,0.0310156867569514,-0.0069112378095848,-0.0000294753053643626,-0.069848721053476,-0.0167205156834357,-0.0505657031084857,0.00978769147154582,-0.00239224639896234,0.00211880743623503,0.0237991316677098,0.01970055282648,-0.0152124496291255,-0.019580824127214
"44",8.66394677054143,0.0235853707612297,-0.0212820316527161,-0.00688433165615556,-0.0869161734129697,-0.0899386764958273,-0.0862784273105519,-0.0713485755946225,-0.0855501712476461,-0.00708343231034439,-0.0000173357165960723,0.00130227170214794,0.0358132104500497,-0.00860710343574888,-0.00129300699605592,-0.00313145460547849,0.00504062085951456,0.0054249150268719,0.0181672794133047,0.013766299721963,-0.00740670637268293
"45",2.45158301593396,0.0133417777600935,0.00533018760836656,-0.00933522242478609,-0.0247572992108457,-0.0269708057402244,-0.021934814857867,-0.00000791867648196006,-0.0228244778487038,-0.006747004717529,-0.00000239030782888296,-0.0414499939766709,0.0278156613035493,-0.0306535471327082,-0.00629694736888996,-0.0102000430992082,0.00462619859672095,0.0386880190787396,0.0478452195864215,0.0331521885205329,-0.0115714549275535
"46",9.87681844265798,0.018419105802855,0.0252559060910414,-0.00303145752814093,-0.0978703086136599,-0.101753553412385,-0.0971033732952481,-0.0794707966924164,-0.0972399943415845,-0.00602921570905434,-0.0000271395269740819,-0.0934380649462551,-0.0575090028930543,-0.103640389601793,-0.0245353815149571,-0.00521353568858754,0.00392522861115939,-0.00044418413826299,0.0414034789582606,0.0258851570984976,-0.0127814821766958
"47",4.2508037658481,0.018579059803969,0.0409987798890876,-0.00573168602186692,-0.0424633773501258,-0.0458090222085066,-0.0474047695579745,-0.0178210737673634,-0.0414686087290456,-0.00637008182573162,-0.0000276497206264817,-0.0171712558698575,0.00552937357206395,-0.00855392895315898,-0.00176867228591123,-0.0167356358392989,-0.000342356724143413,0.00986237780466685,0.0267543009267459,0.0132330101368574,-0.0140005879604324
"48",0.872024617416318,0.0190497569087523,0.0434458108875726,-0.00484100833320487,-0.00863412061536765,-0.014907923702361,-0.0128375591086531,0.00881670432867424,-0.00740775648769608,-0.00704068082040558,0.0000316700897558768,-0.0293719108784292,-0.00900250367165221,-0.0374691553128988,0.00970180695516478,-0.0115679979655182,0.00365665670790661,0.0415599913131855,0.0282951204790799,0.0337228242409075,-0.0175584967840147
"49",15.850955752471,0.0155579717979215,-0.00214871833390907,-0.0120012509544972,-0.158120302645452,-0.160645465718551,-0.15794429478164,-0.119915889140854,-0.157090321701558,-0.00738843249994594,0.0000122013614441433,-0.0428479411868305,-0.00276377277625955,-0.0352272409046861,0.0150484541512067,-0.00927180792789966,0.00254133393916059,0.0284609354138906,0.0354741656042936,0.00383348777113684,-0.0077726486572153
"50",3.92834143335682,0.0168885569056145,-0.0308533082029625,-0.0109902610121455,-0.0384422715742334,-0.0428661882794811,-0.0394694273335522,-0.025899954499821,-0.0381077993975439,-0.00640532055510594,0.00000120351282819649,-0.00522517173516601,0.00299701771352527,-0.0458226027356846,-0.0061025235921247,-0.00165471771692164,0.00491643437360153,0.0545295482352553,0.0726270252269437,0.0597284778901428,-0.00245742407230758
"51",1.84263516768482,0.012403664882503,-0.0178721619504379,-0.00678367186580265,-0.0171341673553942,-0.0248019093775769,-0.0143501536734029,0.0069460109559691,-0.0167953720568537,-0.0060387122767733,-0.0000232991500972033,-0.0324402239665162,-0.0238194794438504,-0.0712780746570033,-0.0100013909438382,-0.0130326776165951,0.0037448663593627,0.0166362481719698,0.0337109397489727,0.0347589964205777,-0.00319235585796381
"52",-0.0228486903749597,0.0197774429847911,-0.0101860353211914,-0.00810433332243841,-0.0000342369172634255,-0.00292714839303274,0.00136846771652955,0.0133244004327621,0.00137246185092753,-0.00693894593919279,0.00000752103373260548,-0.0016635578923845,-0.00292730075911973,-0.0300388633316038,0.00634418214732401,0.00788938092065393,0.00364189878173019,0.0276545814506625,0.054889236631383,0.0355818478208916,-0.00748163847705093
"53",-6.28790075441484,0.0201630228132037,0.0522760029802713,-0.00291774660356353,0.0627758473830368,0.063448333832432,0.0634463176358679,0.0681808116838843,0.0637070133628755,-0.00699931649531159,-0.0000365213122661579,-0.0428458832271296,-0.00392918614840841,-0.0191457449386979,-0.0131817873393675,-0.0214840982705899,0.00147385079191154,-0.00942998422143691,-0.00830508304310536,-0.025019502564515,-0.0199889097170941
"54",5.6893282157397,0.0178734751452963,0.0271970293508806,-0.000181321552751587,-0.0559738099970157,-0.0631333544918655,-0.0557192606086169,-0.032993348599488,-0.0560730523261379,-0.00670528184243199,-0.0000231869896497532,-0.0455055366720141,-0.0383736429762053,-0.0504411501177372,-0.0167136903459547,-0.03746110130041,-0.000615105892124433,0.0145338482056966,0.030631918195238,0.0379584043689494,-0.0113062116528552
"55",10.1641991776476,0.0192225581961541,0.0188795496149853,-0.0046913734747612,-0.101024405692851,-0.103327306312486,-0.100578044966727,-0.0614678051393802,-0.101011536353754,-0.00591709309770792,-0.000037685566862329,-0.0399044719533379,-0.0134729348740709,-0.0404571025551169,-0.00846212818680007,-0.0386823562298442,0.00256313830609741,0.0285282906917736,0.0270895427938962,0.0164523682181717,-0.0149339385439784
"56",7.61255730773701,0.0289741204137494,0.0372159561595453,-0.0081189871970299,-0.0763410938628847,-0.081379885492817,-0.0704729151004927,-0.0689612625929224,-0.0749979971682012,-0.00744310642086811,-0.0000101891655243674,-0.0502593345415314,-0.0233614328021855,-0.0488177263606793,0.00724620951613181,0.00126508527361402,0.00275082607854595,0.0264325586528078,0.0280977999546979,0.0104436928694651,-0.0145992213023708
"57",12.3631274045732,0.0135887247630699,0.0185612369876514,-0.0157875374598197,-0.122689379154481,-0.134093425217568,-0.115069222327256,-0.103894420287953,-0.120053230794218,-0.00627324063285588,-0.00000236404018367162,-0.0638742111799799,-0.053574137768965,-0.0809921961159654,-0.0174335745727621,-0.0144358059366926,0.00346029555352291,0.0259664551258752,0.0429954767129904,0.0450455731694187,-0.0116576987564982
"58",8.933799387321,0.0182817384676696,0.00489968936150268,-0.0100781792577337,-0.0887641910434023,-0.0973093700802455,-0.0834044512616056,-0.0701637129076888,-0.0875581059294081,-0.0069497481083987,-0.0000191448711988101,-0.0530066649781099,-0.0253787977538245,-0.0392493693173816,0.0342209912336808,0.00197454122726273,0.00223416716508809,0.00609420560157125,0.0197165649992051,-0.0140367267043419,-0.00771843135152824
"59",3.36903977165319,0.0227596844182856,0.0264209049651591,-0.00175758317226861,-0.0342733628802952,-0.0378761894224881,-0.03281031311224,-0.00823742611768919,-0.0332405312924134,-0.00723051397766457,0.00000140999859324234,-0.023464207270948,-0.0125580822768245,-0.0335749312114054,0.0170927176885971,0.0182806805330758,0.00301278684852945,0.00524121780959427,0.0382384791178512,0.00401310295341382,-0.0137885275759431
"60",-4.77320441575023,0.0132013825327355,0.019177222666728,-0.00506242296744839,0.0477106266948454,0.0423013009215773,0.0463442388099319,0.0590644814422243,0.0488258850012589,-0.00660050258350418,0.0000124417106587192,-0.028270037327578,0.00328825979968174,-0.0076258471477611,0.0225088827774373,0.000804993843004637,0.00410410550285395,0.0227987371522229,0.0508744663267114,0.0345096922764314,-0.00875305298572451
"61",11.5587728182934,0.0199649859103913,0.0407136791127757,-0.00621176920632852,-0.115952478320774,-0.12301697820328,-0.108968645646864,-0.107724825292827,-0.114143107573603,-0.00703077288674631,-0.00000694185167901808,0.00854122603135407,0.0343288060625055,-0.0233247549156489,-0.0157320707729318,-0.0297009518140456,0.00186992388203263,0.0313576370688723,0.028966599155069,0.0344764042494569,-0.0188963965466653
"62",5.25931219035575,0.027924534648167,0.0491516241808884,-0.00525986705847256,-0.0528055629184609,-0.058344936555823,-0.0525659255070252,-0.0239456382785019,-0.0515127266033232,-0.00681350680330332,0.0000045937575429454,-0.01133141643742,-0.0314560459017382,-0.0468538845949471,-0.0225702821343527,-0.0179010400683756,0.00490776896527717,0.00506045172048462,0.0235563824374207,0.0299110076795271,-0.0218263870898204
"63",10.0404334439215,0.0202004949670726,0.038607619888604,-0.00172606176695175,-0.101719067486437,-0.0991874776782292,-0.096405780415847,-0.0823093788237538,-0.100084952304186,-0.00712216937225206,0.0000115297088579631,-0.0210677941876983,-0.00131525582432619,-0.0483514016233138,-0.0148199523880879,0.00122741436254451,0.0038196521355474,0.0280996768583887,0.0402675999312754,0.0525643795346556,-0.0188523681628662
"64",2.91674396183565,0.0180142932414268,0.0539265072032168,-0.00365709786993578,-0.0292475472043274,-0.0310935156964128,-0.027335354639444,-0.00978825687290504,-0.0285250987560217,-0.0070670885432303,0.0000317414694833442,-0.0509810750481229,-0.0121626794568252,-0.0548833678473702,0.00129731777891709,-0.0151251049579644,0.00334853082020251,0.0250914148632826,0.0360141569965708,0.0466150591310655,-0.0181731056364517
"65",10.4380303534983,0.0100578955562907,-0.0136859705388658,-0.0047823211172831,-0.103860815765004,-0.107491987634061,-0.101628257078161,-0.0900522073521172,-0.102850064428131,-0.00628966441710746,-0.0000179815035723859,-0.0226835968319012,0.0028749096188672,-0.0342908823789937,-0.00917517704639225,-0.0165980434438133,0.00398871760580708,0.0393443329052208,0.0284576889639446,0.0157336094098322,-0.00422898938123444
"66",4.16322784100588,0.0182837683564727,-0.00664078482931946,-0.00571503023308992,-0.0398478040718387,-0.0495907636671494,-0.0429600519770392,-0.0323124482631255,-0.0398003683000469,-0.00669141828463072,-0.00000727950525894011,-0.0636412714874974,-0.0442416232511252,-0.0647780392809257,-0.0175900040812569,-0.0247573864028722,0.00316516262203856,0.000698773444601035,0.0389813346224569,0.00474131151042538,-0.00342954432984208
"67",4.40506739202877,0.014675826379294,-0.020493458433946,-0.0117875569500034,-0.043731818151225,-0.0487235227397607,-0.0443225792787866,-0.00859423774549498,-0.042396751167545,-0.00713644337401178,0.0000349429893453278,-0.0232633576280411,0.00442832322616833,-0.048636195846633,0.00979266770900888,-0.0173439012797887,0.00133058542297486,0.0414256318910875,0.0655637638888029,0.030373934379894,-0.00437400309657212
"68",1.69998440636487,0.0238397437995788,0.0729371876029456,-0.00576407871350317,-0.0164986030857317,-0.0223544193075174,-0.0188607923311439,0.00107026620803652,-0.0161011188052247,-0.00734758604048373,0.0000116121125543607,-0.0459731438859705,-0.0190106692213491,-0.0400910032958115,-0.00863640487704363,-0.00748631486791405,0.00551124231264748,0.018020163071095,0.0537396350964689,0.0304034435976393,-0.0216451655572923
"69",9.07094004211178,0.0118892345295828,0.0328777239920541,-0.00300370992789793,-0.0909881477316214,-0.0962653482408705,-0.0878337670445084,-0.0644706064164545,-0.0899132062123773,-0.00680468897609466,0.0000108783308317116,0.00189904659147328,0.022951843085382,0.003531286125303,0.00752832731881929,-0.00335726884180696,0.00426911944013994,0.0149041581687083,0.0311908906261543,0.0318100351710607,-0.0141987420910529
"70",-0.559667688195544,0.0208339978541262,0.0500364281096686,-0.00266851667709179,0.00618585085056445,0.000301282886278927,0.00492961704276206,0.0304589439721181,0.00658509108065266,-0.00615239083431252,0.00000495642616565213,-0.0406716835873845,-0.0187739158977037,-0.0542698870499567,-0.0187832675929768,-0.0152301373875615,0.00515631754124876,0.00729778147723085,0.0277942451217878,0.021000772077213,-0.023457448614153
"71",0.81534049900376,0.0173187572675605,0.037008355617487,-0.00333599972230145,-0.00772250536578077,-0.0106124351073649,-0.00813123732487094,0.000535446923073185,-0.00711766433713643,-0.00594094410430947,-0.0000332652917754161,-0.0412767563611767,-0.0143038730432675,-0.0612001475440128,-0.0148637563589711,-0.0292637942304604,0.00229180882284777,0.0443106929385341,0.056953782776817,0.0558644767159648,-0.0168067012664231
"72",11.0030842462052,0.0192318625635009,0.0261838676260048,-0.00531225823635076,-0.109535281868079,-0.113311008048419,-0.10748897790372,-0.109913433216678,-0.109374375086094,-0.00761361958621942,0.0000291259231336948,-0.0250225811074307,0.0327934255536425,-0.0348238811425992,-0.00331030809571334,0.0126617758729424,0.00247485059972787,0.020938828366849,0.0393371507522667,0.0492201267051511,-0.0146723251718695
"73",9.43122700776943,0.0218648101534819,0.0456402208540005,-0.00246292542870234,-0.0938789303386759,-0.0990497185635515,-0.0938468032310988,-0.0765981465813631,-0.0938314325089694,-0.0066121664854814,0.00000211405801497119,-0.0258567228863646,-0.0111357138823699,-0.0383772446210848,-0.00621624300109231,-0.000612177271972834,0.00303623812825204,0.0347280499605638,0.0245049699854558,0.0251084321366551,-0.0208886991495702
"74",3.4262633358772,0.0186887074926984,0.0266813809135974,-0.00655216900953013,-0.0335413343194437,-0.0469702901229761,-0.0328576811125249,0.00856410095626175,-0.0327101062340667,-0.00705187595213877,0.0000156792150536544,-0.0448184043095382,-0.0140461806959998,-0.0505684559168414,0.00745766193016007,0.0136533541495035,0.0042903373178712,0.020289681442119,0.0287290320506994,0.0188930354167412,-0.0131411744546089
"75",4.98194311781701,0.0194185184381302,-0.0305946949640622,-0.00685312955981729,-0.0497972167674407,-0.0565454571772899,-0.0428009048439212,-0.0183165763607878,-0.0477757824637942,-0.00689790287841545,-0.0000172784682082769,-0.0486759585653062,-0.0559823647950058,-0.0698265579343351,-0.000955862946586133,0.00297026081166344,0.00291269931102844,-0.00325371323820741,0.0435167013817905,0.00653948956484603,-0.00901888453593781
"76",8.7002571031315,0.0163586413661045,0.0183929605900304,-0.00544383455447568,-0.0866686360477898,-0.088891742922232,-0.0855361337889443,-0.0732819295786505,-0.0863260052181897,-0.00652649257039015,0.000010447513579233,-0.0227357946502725,-0.00655170217447083,-0.0157644883287811,0.000597400263172634,0.000421839525311821,0.00358880702910068,0.0343295734234221,0.0417573040951671,0.00833745883327056,-0.0143437715512614
"77",-4.47436753341757,0.0250874618691742,0.0375909911110704,-0.0028451291291707,0.0447167311018494,0.0419941516943379,0.0432205016976161,0.0545732478911476,0.045401080109264,-0.00659963884100049,-0.0000293000909230135,-0.0425205069109314,-0.0266121348795965,-0.0490102337339117,0.0168593109486245,-0.00698199485450241,0.00689869722284658,0.0289087698326533,0.0277795941636606,0.0207208356562614,-0.0134093557048025
"78",2.03515975951381,0.023680863202205,-0.0111800905000931,-0.00951211202343664,-0.0193611515359672,-0.0257548135132137,-0.0184461436386687,-0.00150858101101032,-0.0187092584133839,-0.00681806301200457,-0.000017717720370671,-0.0357179887595257,-0.0163129852987024,-0.0392679632608156,0.00304067860336002,-0.020551610944248,0.000453423712488569,-0.0172639285856206,0.0157734021241822,-0.000786923920388788,-0.0140801562523241
"79",-4.04055240694438,0.0200014136488092,0.00212104591947884,-0.00847629710633281,0.0409553351305134,0.0369132019476273,0.0449637375642876,0.056898689092397,0.0415249692591672,-0.00732214290004721,0.000016777236406242,-0.0525518941028881,-0.00950560594779989,-0.0665833611110218,0.0172413382734487,-0.0194395689575605,0.00262963302410612,0.0140278335488094,0.0363766631066089,0.0339506672431972,-0.00927235313786985
"80",11.2658080253241,0.021372345051561,-0.0150742846126502,-0.0107912493119808,-0.111592584506066,-0.118381238407944,-0.110895592340526,-0.0652360396296013,-0.111374886057991,-0.0078814525789083,0.0000226778088251068,-0.0515901462068524,-0.0266932636270603,-0.0622475373497268,0.0141502380110435,0.00243955933739445,0.00416680103594041,0.0155018072794451,0.0524539820581217,0.022744461838125,-0.00775766526184807
"81",-7.33384115772894,0.0121596708879522,-0.00426149812818544,-0.00145228998381975,0.0729372463525602,0.0761010838143886,0.0757310321001987,0.0928983617804565,0.0740578639604043,-0.0064467684999933,-0.00000266602431359272,-0.0396049808543653,-0.0138148410235443,-0.0575808045627435,-0.019455887970043,-0.0194281812036122,0.00487806053364141,0.0173509476133434,0.0422165779545606,0.0289960306113227,-0.0100254125004531
"82",1.59548821669829,0.022252816489027,0.00973571424439889,0.00102218803739417,-0.0159450977521308,-0.0219462461002031,-0.0138475414160448,0.00179902010403171,-0.0156960132100255,-0.00733522727508354,0.00000162876689838141,-0.0073068475840948,-0.00100670977796378,-0.0295713313212581,-0.00849021223206412,0.0024836168688283,0.0022310120853174,0.0152879620373701,0.0312470001709686,0.0281258475552951,-0.0125351886601544
"83",13.6761434865158,0.0170930618330965,-0.0116979097523668,-0.00837085116479563,-0.13642780670401,-0.141029096704457,-0.139601519338069,-0.11406626855433,-0.13527622311211,-0.00689671312827664,-0.000000476268221271193,-0.0349016369804467,0.0248399933993348,-0.0211063027280077,-0.0079721240108758,-0.00821445169409842,0.000560940900711024,0.0557934151120033,0.0308725020576407,-0.000966072181474676,-0.00669485731966687
"84",-7.27456481749412,0.0188075130850685,0.00179381694564252,-0.0101331835239242,0.0728204203918143,0.0695926124993609,0.0760531784255445,0.0709549138332208,0.0739178244755087,-0.00667823505170814,-0.0000141559469280202,-0.00134392335707377,0.0328111928963599,0.0101032741626517,-0.0243320721806013,-0.030491011645621,0.00239209884763553,0.0173037045988567,0.0631858398548833,0.0179113315009788,-0.0090279553838267
"85",6.93093316504086,0.0175735149401029,-0.00516118002915235,-0.0076702179526163,-0.0683891134746719,-0.075326064368954,-0.0667408910509338,-0.0377729842918393,-0.0673141116960803,-0.00677137320201233,-0.0000128852318337147,-0.0476005446723051,-0.016971974862606,-0.060235734088693,-0.0122008321436136,-0.00966678747234686,0.00382453466127062,-0.00742758236399573,0.0215430651908158,0.0124670953163706,-0.0134508813712239
"86",-8.91894935083976,0.0188258019970116,0.0401715137225459,-0.00607922875122296,0.0890947389922695,0.0843044716020444,0.0946806172204068,0.109311336615189,0.0907491725388448,-0.00720875696407009,-0.000015341864231353,-0.0575440117359481,-0.0112514452035155,-0.0661950913442664,-0.00597833311007103,-0.0192766325709558,0.00333185863418945,0.0214616186732735,0.0152264453313288,0.0285281218344165,-0.0128114684141789
"87",-0.0415590563439561,0.022821253958355,0.0373773518347546,-0.00332322541444143,0.000881580184597208,-0.00225757321590695,-0.000874783002499962,0.0269982652376195,0.00101564798767168,-0.00730456429971042,0.0000200853682973715,-0.0508708301058572,-0.0386178195093431,-0.0823084996522924,0.00291091870610996,-0.00637943836498831,0.00282800554092853,0.0345306929136756,0.0440954912179237,0.0389297538840943,-0.019392930363428
"88",-5.14279645718937,0.0192602384476975,0.0220865776351901,-0.0075243677347252,0.0520044401909359,0.0459150417088646,0.0500036035202709,0.0671975759410993,0.0530107157346119,-0.00662261283966604,-0.0000088693573169002,-0.032075586150048,0.00705021158987645,-0.03639185670761,-0.0193962081640616,-0.00880833390731111,0.0022239993365151,0.00151696800708164,0.0408281662066232,0.0314208413966975,-0.0143294192063794
"89",14.278168345934,0.0195618756296105,0.022503575927492,-0.00750700648640208,-0.141928630428662,-0.15180280273178,-0.137168852766148,-0.1442067779323,-0.141284669307961,-0.00689459140584446,0.00000752010853973493,-0.0226540269270474,-0.00958063190947121,-0.033967739392092,-0.00550043174747307,-0.0172738177990778,0.00313090524974267,0.0315364307971647,0.0398616300971845,0.0389357631596307,-0.0121090078427009
"90",17.7824006121476,0.0196044648117425,0.00306061986991334,-0.00784772848021319,-0.176176294276765,-0.188149539642828,-0.174592220181144,-0.161423168631871,-0.176195266096388,-0.00749687286133143,-0.00000438303886735764,-0.0574880652773503,-0.0313910183753184,-0.0409819199810024,0.0107916309015461,-0.00654360978383347,0.00286749412594084,0.012977546713551,0.0104151787467612,0.000818397640899566,-0.00776820371070098
"91",13.5048363470833,0.0187872302299983,0.0431280473669929,-0.00776669138420196,-0.134655184316,-0.141199187675493,-0.135955065741445,-0.116356975126834,-0.13318128452691,-0.00739622424382939,0.0000125679260737689,-0.0643994651253953,-0.00575502368785678,-0.0363166053331808,0.00516158131836763,0.00508069127205155,0.00290085038942803,-0.0153185446842668,0.0244440410754609,0.0109172705853131,-0.0157801957452846
"92",5.41891095691404,0.0162887463820321,0.0169869789633113,-0.0102968125307716,-0.0533224222775899,-0.056614071612266,-0.053610773002666,-0.0333164183633044,-0.0524651300134142,-0.00705561205335886,0.0000121328506533508,-0.0433196446466834,-0.0310814925863693,-0.0394837981783559,0.00910369319254408,-0.0206232143128796,0.00214357527907853,-0.00226057728500662,0.0270381211747242,-0.00695689350060075,-0.0136665800341362
"93",-1.42721980558697,0.0211052261404193,0.0177740986643055,-0.00911614665149659,0.0153054496436495,0.00786687319335711,0.017269441955282,0.053803221242651,0.0154927306647943,-0.00776447669958899,0.0000230328245222258,-0.02209172116871,0.00591432705425212,-0.056529175255519,0.00433334468086742,-0.00447964432027029,0.00347722489918875,-0.00330983179947143,0.0246950748331455,0.0214711712856249,-0.0150232866980856
"94",5.96130248166878,0.0244856807830315,0.0475505795868099,-0.00331899348595647,-0.0591054816151913,-0.0669566847034654,-0.0607360762166767,-0.0349855879449733,-0.0583480986375731,-0.0074702810261865,-0.00000168136759527626,-0.0338937777486676,-0.0127225143015011,-0.0437769033243963,0.00486106361833132,-0.0207887440220958,0.00381003672950749,0.0134137720641675,0.00410034566907451,0.0169381997676094,-0.0225273910820095
"95",10.7426841534477,0.0223006507107054,0.0340565673718989,-0.00594259718299097,-0.107859870470869,-0.110581979022815,-0.1089559339381,-0.076018393575719,-0.106595925066368,-0.00722539869046795,0.0000216115591678429,-0.0130199763683795,-0.00769466576588219,-0.0288176666367875,0.0101603315689434,0.00806581279823727,0.00493016793266393,0.0180296757629996,0.0198483425663303,0.029011096616623,-0.0185145087737286
"96",-0.953094505839922,0.0263241115523156,0.00251388578931481,-0.00457143661916637,0.00891105046156695,0.00327007111352091,0.0100348300066163,0.0242673062569342,0.00951053550466931,-0.00728698351132006,0.000000306222356812491,0.0465902238578914,0.0485243162857159,0.00669172940069853,-0.00260363723413338,-0.0129288493048059,0.00478946238191014,0.0474762218606603,0.0621620612120234,0.0543384846776909,-0.00972351036679841
"97",-1.07737350167675,0.0170112862941375,0.00579973763961268,-0.00686122266743704,0.0115525245931978,0.0029893870059099,0.0133436416846471,0.0280262542618115,0.0123721440879853,-0.00721743976154944,0.0000155290139240959,-0.0289225802873212,-0.0159074226745035,-0.0502689176495497,0.00147187620977993,-0.0137687368008249,0.000237375511560647,0.0155687559286412,0.0461946895120339,0.054230383908748,-0.0141176070142661
"98",2.42035870556284,0.0171623705205578,-0.0110174355784096,-0.00760830691839133,-0.0240984023648761,-0.0276473296693264,-0.0236077220463783,-0.0126357604457015,-0.0232667348028378,-0.00674798161975911,-0.0000162782605435343,0.0070746612021574,0.0556799356352226,-0.00958560736455439,-0.00597197141402029,0.00554819151781605,0.00341929965928945,0.0363661495063112,0.0336415699229394,0.03728053625523,-0.0035938429147466
"99",11.3445738903692,0.0308436731384924,0.0803924493677922,-0.00289429459785092,-0.113550028570303,-0.11765594197335,-0.110171104303746,-0.0993018039859245,-0.112736709349704,-0.00751990184639593,-0.0000192020167863672,-0.029648584821315,-0.0273881970375457,-0.0199173519857146,-0.0276754586751059,-0.0480143694647372,0.00530987385386317,-0.0142006292248054,0.00193084638559347,0.00276521378489829,-0.0261075497805534
"100",4.54450550039278,0.0146402312292471,0.0525986379260961,-0.00557169351569334,-0.0459611763391156,-0.0502108228936269,-0.0459683188322078,-0.0113151662774624,-0.0440319936379017,-0.00665584709007161,-0.00000251298706268162,-0.0259978552011664,0.00575149130674734,-0.0425411522748781,-0.00989715620646743,0.000434608917055826,0.00113503625438692,0.0108052232114705,0.0195635330385678,0.00617008813607252,-0.0144436837234845
